,angle,angle_speed,AccZ,brake,GyroY,GyroZ,Timestamp,
832,0.1596303,-0.7554307,-0.39417076,0.05207626,-0.015271631,-0.032452215,3582078,2
3588,-0.6637827,-0.4704885,-1.3245363,0.010537425,-0.15882497,-0.12652546,3583762,1
2872,0.83546925,-0.27730405,-0.7457485,0.019089539,0.030543262,-0.009850202,3583375,1
2701,-0.51142484,-0.77665615,0.4733591,0.044135015,0.004276057,0.13187054,3583254,1
1410,0.35229635,0.16817701,0.12122536,-0.051159963,-0.04520403,-0.025732698,3582479,0
183,-0.19473088,0.060111776,-0.48773098,0.02031127,-0.08124508,0.093386024,3581728,2
1290,4.157132,1.5080249,-0.55947113,-0.10919216,-0.32620203,-0.27130052,3582414,0
954,1.2787864,0.53546023,0.036623955,0.13332134,-0.016493361,-0.12347114,3582144,2
131,-0.49350238,-0.11575872,-0.28208447,0.006872234,0.008552114,0.014584408,3581700,2
463,1.4017797,-0.33752275,0.7875662,-0.09025534,-0.14477506,-0.018402316,3581879,2
2166,-0.40463042,-0.5255528,1.1134052,-0.040775254,0.05131268,0.006643159,3582887,0
1532,-0.26792884,-1.0625626,0.5395365,-0.04016439,0.029932396,0.044516806,3582545,0
2613,-0.63430524,0.9409673,-0.28733826,0.003817908,0.15149458,0.000534507,3583206,1
1779,0.867856,0.3601308,-2.4128928,-0.11591168,0.09712757,-0.32872185,3582678,0
708,0.083128214,-0.3606336,-0.83594036,-0.054825157,-0.095294975,-0.027565295,3582011,2
1109,-0.9216973,-0.9808639,1.4710121,-0.14340061,0.10445796,0.113544576,3582228,2
488,-0.06735623,0.112042286,-1.1783543,0.005039638,-0.022602014,0.025579982,3581893,2
3529,-1.1761088,-0.31856924,-0.17132473,0.036193766,0.035430185,0.14714217,3583730,1
3432,-0.730968,0.2907686,1.6849976,-0.049938235,-0.07880162,-0.011682798,3583678,1
1509,1.0942656,0.11471915,0.52443886,0.013591751,0.07269296,0.038408153,3582533,0
192,0.46527594,0.9880246,0.1904707,0.020922136,-0.0842994,-0.025121834,3581733,2
3117,-0.26980913,-0.22415298,-0.1717081,0.045356743,-0.12156218,-0.03611741,3583507,1
3182,1.1797827,0.1594083,0.8427143,-0.069485925,0.07269296,0.049403727,3583543,1
1074,1.5619663,1.1238903,0.35000515,-0.012064588,-0.062308256,0.061010167,3582209,2
309,0.432822,0.4263416,0.56699276,-0.018784106,0.001221731,-0.023289237,3581796,2
3170,-0.190629,0.3105248,-0.8229046,0.23167065,0.26083946,-0.017180584,3583536,1
2510,0.25881004,0.115024686,0.34510517,0.094225965,-0.015882496,0.004810564,3583151,1
2185,-0.16133785,-0.67413837,0.4690132,0.071013086,0.13133603,0.009697486,3582898,0
1531,-1.0612316,-3.7307277,-1.1164789,0.000152716,0.009773844,0.021303926,3582544,0
1082,0.5482094,0.03599286,-0.6234894,-0.0346666,0.004886922,0.08116872,3582213,2
2705,1.631278,0.07806389,0.07370186,0.025198191,0.044593163,0.017638734,3583256,1
2690,-0.43388152,-0.30519927,0.2903347,0.055741455,0.000610865,-0.058108557,3583248,1
2266,-0.518232,0.08508863,1.3547163,0.034972034,-0.1423316,0.11904237,3582941,0
1277,-2.7992036,-0.6846703,-0.6576443,0.12843442,-0.10323623,0.15263996,3582407,0
1846,0.2746637,-0.9442871,0.66028404,0.16630806,0.18020524,0.026801713,3582715,0
1354,-0.4103278,-1.5791084,-0.7977667,0.024587326,0.089186326,0.062842764,3582449,0
165,-0.019195676,0.9062663,0.3053236,-0.001679879,0.058643065,0.08239045,3581718,2
2674,0.22986639,-0.5490696,0.374856,-0.06704246,0.037873644,0.046960264,3583239,1
3558,0.4616971,0.12688145,-1.5707979,-0.01695151,-0.014049901,-0.011071933,3583746,1
2327,0.9247714,-0.33397043,0.81051445,0.061239243,0.03726278,0.0622319,3583052,1
1824,2.688769,0.46490353,-2.3276749,-0.15012014,0.025045475,-0.51931185,3582703,0
3347,-0.9071928,-0.2377651,1.5229435,0.06246097,-0.008552114,-0.024510968,3583632,1
1084,-1.2864611,-0.3708721,0.9278736,-0.01817324,-0.070249505,0.14530957,3582214,2
985,0.51627886,-0.09710498,-0.51405144,0.001985312,-0.07880162,-0.033673946,3582161,2
2561,-0.10873592,0.15471572,-0.4898014,0.019700404,0.037873644,-0.018402316,3583178,1
1887,0.8055947,-0.9021375,-0.31082344,-0.04016439,0.001221731,-0.067882404,3582737,0
3287,0.26539326,0.014279068,0.23950768,-0.003512475,-0.026267206,-0.011682798,3583599,1
421,0.15953517,0.8927524,-0.015395164,-0.000458149,0.009773844,-0.014126259,3581856,2
3037,0.33487725,-0.5589317,-0.019843102,-0.005955936,-0.014049901,0.00908662,3583464,1
3399,1.2051921,-0.15718886,-1.2516298,0.07162395,0.21074851,-0.006185011,3583660,1
2288,0.076402426,-0.33726025,0.33785534,0.020922136,-0.12339478,-0.13141239,3582953,0
627,0.71410704,1.6791232,0.6327362,-0.023060163,-0.05375614,-7.64E-05,3581968,2
1652,0.7743602,-0.36095297,-0.5547552,0.013591751,-0.08735373,-0.01656972,3582610,0
3098,-0.755085,-1.5893935,-0.26125526,-0.024892759,-0.019547688,0.012140946,3583497,1
3467,0.7511618,-0.29677433,0.5584078,-0.03283401,-0.042760566,-0.06849326,3583696,1
2800,-0.15889883,-0.17220971,-0.81861115,-0.041996986,-0.031154128,0.04757113,3583307,1
799,0.4197464,-0.2435649,-0.49759674,-0.058490347,-0.021991149,-0.02023491,3582060,2
2847,-0.11585927,0.25688103,0.96662426,-0.01695151,-0.14782938,-0.02939789,3583332,1
2158,0.8676617,0.5482436,-0.8859587,-0.02977968,0.027488936,0.013362677,3582883,0
839,-0.6556679,0.5094374,-0.25769043,0.03863723,0.0720821,0.007254025,3582082,2
728,-0.4551549,-0.6998178,-0.32614422,-0.040775254,0.03176499,-0.05749769,3582022,2
361,0.91260767,0.9850935,0.61280537,-0.03894266,-0.031154128,0.007254025,3581824,2
1296,-0.51066995,-0.85383266,-1.2193108,-0.052381694,0.027488936,0.0182496,3582418,0
2526,-0.1612519,0.40623835,0.79947853,0.003207043,-0.021991149,-0.008017606,3583159,1
247,-1.1717485,-1.6960604,0.3665352,-0.03894266,-0.03176499,0.093386024,3581762,2
2459,0.43164825,-1.3131849,0.42152596,0.007483099,0.02687807,-0.058719423,3583123,1
2462,1.5654013,-0.6560854,-0.3070774,-0.018784106,0.10445796,-0.007406741,3583125,1
1931,-0.5078242,0.54503703,-0.6384096,-0.02977968,-0.048258353,-0.086819224,3582760,0
2475,0.3442576,-1.2636533,-0.62236977,-0.032223143,-0.01282817,0.021914791,3583132,1
1514,1.0837841,0.77579236,-0.59417915,-0.006566802,0.06047566,-0.035506543,3582535,0
1808,-0.14283764,-1.1858808,1.780016,0.03924809,0.15271631,-0.082543164,3582694,0
1022,-0.84091973,-1.0318019,-0.38201427,-0.020005837,0.13622294,0.10010554,3582181,2
3321,0.13486338,-0.10086401,-0.16753387,0.03436117,0.04886922,-0.023900103,3583618,1
2003,0.63505435,-0.74285996,-1.3462696,0.025198191,-0.099571034,-0.09353874,3582799,0
1665,-0.60453093,-0.08956313,0.23934269,0.017256944,-0.040317107,-0.002519819,3582617,0
3600,-0.6489413,-0.17860144,0.31533623,0.03680463,0.03176499,0.07933612,3583768,1
2484,0.26890612,0.8851,-0.6618309,0.04718934,-0.02443461,0.024358252,3583137,1
3009,0.03490305,0.37720993,-0.1988287,0.018478673,0.03481932,-0.025732698,3583449,1
1756,1.0374362,0.6149178,-0.017846107,0.014202617,0.14782938,-0.05933029,3582666,0
1240,0.006242156,-1.743127,0.08949566,-0.024892759,0.01038471,0.032910366,3582387,0
1343,0.86962986,-0.41113913,-0.7015228,0.09483683,0.02565634,-0.01656972,3582443,0
3428,-1.842548,-0.20672023,-0.6826668,-0.031001411,0.03604105,0.11598804,3583675,1
3556,0.15288877,-0.28587577,-0.17908955,0.00992656,0.14172074,0.053068917,3583745,1
2594,0.42234755,-0.47539926,0.046901703,0.044135015,-0.06536258,0.022525655,3583196,1
2216,-0.2732284,0.6365844,1.7028093,0.101556346,0.042760566,0.058566704,3582914,0
2353,0.93017673,0.8451406,0.82563686,-0.02977968,0.053145275,-0.058719423,3583066,1
2537,-0.027569294,0.24369913,0.47085285,-0.029168816,0.013439035,0.005421429,3583165,1
1392,1.0354649,0.9542857,0.3492403,-0.021838432,0.04886922,0.000534507,3582469,0
375,0.19709587,0.24788718,0.5003128,-0.098807454,0.05009095,0.09155343,3581832,2
2242,1.6150904,1.3464308,0.27982807,-0.062155537,-0.02687807,-0.064828075,3582928,0
66,-1.561934,1.0792023,0.28938866,-0.2759584,-0.321926,-0.009239337,3581665,2
160,0.072965264,-0.3128336,-0.99978065,0.059406646,0.021380283,0.094607756,3581715,2
1543,0.32270765,-0.554566,0.3666811,0.006261369,-0.012217305,0.046960264,3582551,0
3014,1.4664464,-0.09209782,-0.6404524,-0.087201014,0.0983493,-0.4967098,3583452,1
43,0.24483013,0.65835357,-0.44392014,0.004428773,0.042760566,0.05795584,3581652,2
21,-0.16773546,-1.0927223,-0.4438877,-0.01572978,0.048258353,0.001756238,3581640,2
2299,-0.5521755,-0.12559235,0.21941566,0.039858956,-0.019547688,0.34261903,3582959,0
1148,-0.07882285,-0.68992335,0.21474934,-0.02855795,0.013439035,0.024358252,3582249,2
909,-1.5841078,1.0412526,1.6226139,-0.117744274,-0.004886922,0.029245174,3582120,2
2092,-0.02995658,-0.9623791,-2.244502,0.008093964,-0.028710667,0.13003793,3582847,0
3131,0.9936614,-0.8054261,-0.40365887,-0.06154467,-0.03481932,-0.033673946,3583515,1
2070,1.5314102,-1.549324,0.63356304,0.014813482,-0.039095376,-0.07826711,3582836,0
3501,1.5935901,0.45183477,1.4900284,-0.058490347,0.124005646,-0.042836927,3583715,1
119,1.1234715,0.5328438,-0.19660187,-0.14828753,0.16493362,-0.10086913,3581693,2
1844,0.74431884,-2.0448718,0.8651724,-0.08964448,-0.17165314,0.012751812,3582714,0
1580,0.38763595,-0.30545896,0.82347965,0.033750303,0.1386664,-0.046502117,3582571,0
693,0.074970484,0.4689448,-1.2825317,0.022143865,-0.089186326,0.0463494,3582003,2
1554,0.56358194,0.8718117,-0.8176098,-0.072540246,-0.16310102,-0.047112983,3582557,0
750,-0.015871167,-0.021241963,-0.91573524,0.12721269,0.23945917,-0.04772385,3582034,2
2630,-1.1394309,0.37974364,-0.4990549,-0.0364992,-0.03481932,-7.64E-05,3583215,1
2595,-0.59907615,-0.3555925,0.49317265,-0.08109236,-0.002443461,0.067118816,3583196,1
857,0.756737,0.92165613,0.76568985,0.016035212,0.032986723,-0.00374155,3582092,2
408,-1.2269511,-0.5976982,-0.06204319,0.08628472,0.005497787,0.03596469,3581849,2
1110,-0.12730014,-0.08631774,0.3479681,-0.01450805,-0.034208454,0.034742963,3582228,2
947,0.41171062,-0.1767698,-0.6245642,0.05390886,0.04642576,-0.000687223,3582140,2
3225,1.4404956,-0.21681309,0.75188255,-0.02367103,-0.01282817,-0.03611741,3583566,1
3065,-0.9870571,-0.5701137,-1.3848581,0.082619525,-0.15577064,0.030466905,3583479,1
855,-0.7531837,-2.0831609,-1.6527739,0.055741455,-0.122783914,-0.053221636,3582091,2
1413,0.65656686,3.1134374,-0.59249973,-0.12385293,0.052534413,-0.070936725,3582481,0
389,-0.5593376,0.5207645,-1.5903459,-0.043829583,0.06841691,0.014584408,3581839,2
3434,0.5093919,-0.066346824,0.14737701,0.094225965,0.07086037,0.008475755,3583679,1
1883,1.0161066,1.5612222,-0.69595814,0.03313944,0.042760566,0.009697486,3582735,0
2823,1.2094154,0.58172417,-1.8345971,0.05207626,0.13927728,0.04390594,3583320,1
856,0.7933061,-0.03100735,-1.3851261,0.019700404,0.004276057,-0.048945576,3582091,2
1606,-1.345038,-0.21489197,2.2376356,-0.06582073,-0.14049901,-0.035506543,3582585,0
422,-0.6067896,-1.0438714,-0.13830662,0.013591751,-0.21380283,-0.039171733,3581857,2
1629,-0.039466262,0.7569465,-0.6366463,0.039858956,-0.014660766,-0.014126259,3582597,0
2738,0.10918069,0.85275376,-0.78305817,-0.032223143,0.065973446,0.06650795,3583274,1
461,0.9869417,-0.010799736,0.3902979,-0.02733622,0.014049901,-0.005574145,3581878,2
137,0.7124877,0.16797096,0.4198017,-0.01572978,-0.012217305,0.08055785,3581703,2
1570,0.092050076,-0.011691608,-4.010053,-0.043218717,-0.12461651,-0.006795876,3582566,0
2517,0.4265126,-0.5876267,-0.1676569,-0.002290745,-0.111177474,0.06895141,3583154,1
3211,0.10493541,-0.08492607,1.0092564,0.036193766,-0.07391469,-0.021456642,3583558,1
2552,-0.79814684,-0.1867679,-0.11819172,0.019700404,0.018325957,0.002977968,3583173,1
501,-0.20290077,-1.1505759,0.31783962,0.006261369,-0.029932396,0.005421429,3581900,2
154,-1.1739001,0.18183313,-0.30236626,-0.007177667,0.036651913,0.004199699,3581712,2
3033,0.22682416,2.062256,1.5055695,0.041691553,-0.08002335,0.038408153,3583462,1
1206,-2.3490958,-0.3117493,0.4684677,0.071013086,0.04520403,0.39209914,3582369,0
2231,0.15854108,-0.9296364,-2.0321412,0.011759156,0.004886922,0.041462477,3582922,0
486,0.5029361,0.03971535,1.3790188,0.065515295,0.2003638,0.106214195,3581891,2
2935,-0.087272406,-0.88402,-0.75428295,0.007483099,-0.032986723,0.08544478,3583409,1
89,1.9347279,0.7842797,-1.5967312,-0.16050485,-0.16493362,-0.22670737,3581677,2
698,0.06470144,-0.1331925,-0.40623283,-0.00290161,0.07269296,0.09644035,3582006,2
602,0.284276,0.47457635,0.3851347,-0.06765333,-0.01160644,-0.2242639,3581954,2
424,-1.0590467,-0.473343,-1.4633007,-0.07925977,-0.12950343,0.015195273,3581858,2
3057,-2.1528187,0.5033488,-2.4876776,0.12660182,-0.0983493,0.024358252,3583475,1
1917,1.150864,-0.11172935,0.71748257,0.085673854,-0.080634214,-0.22120957,3582753,0
1216,0.9135362,0.26838923,0.3909006,0.034972034,0.025045475,0.061621033,3582374,0
63,-0.6348057,0.67214185,-0.2979393,0.024587326,0.000610865,-0.006795876,3581663,2
1520,0.24028659,-0.8117553,0.40900135,0.016035212,-0.15332718,-0.005574145,3582539,0
3183,0.7208046,-0.76530236,0.33050537,-0.043218717,-0.17104226,-0.04100433,3583543,1
77,1.1962264,-0.36534023,-0.67862415,0.11071932,0.014049901,-0.06421721,3581671,2
1942,0.85401237,0.40861845,0.8123045,-0.02611449,-0.047036625,-0.021456642,3582766,0
3470,0.8450128,0.8253962,-0.27239132,0.05390886,0.015882496,-0.05261077,3583698,1
2220,4.8323727,-0.05358831,-0.71993256,0.03313944,0.04886922,-0.23159428,3582917,0
569,0.50870955,-2.3056333,1.3682127,0.022143865,-0.009162978,0.051236324,3581936,2
2210,1.8842378,1.3930384,0.29321003,-0.009621128,0.06352998,0.044516806,3582911,0
1189,0.29674506,-0.30571723,-0.28483677,0.11499538,-0.07391469,0.56802833,3582271,2
3147,0.12725401,0.5076096,0.039785385,0.005039638,-0.018325957,-0.028787024,3583524,1
3029,-0.57665527,0.409594,-0.16346359,-0.031001411,0.70554936,0.097662084,3583460,1
340,0.15516281,0.4742343,0.49960518,0.059406646,0.023823744,-0.030008756,3581813,2
748,-0.13473308,-0.044433787,-1.0820408,-0.15622878,0.22174409,0.036575556,3582033,2
215,-1.2199274,-0.11093432,1.485364,0.022143865,0.009773844,0.034132097,3581745,2
2237,2.2829127,-0.8017263,-2.0442324,-0.034055736,-0.093462385,-0.10514518,3582926,0
3509,1.5660052,0.13903841,-1.4059582,-0.019394971,-0.005497787,-0.04589125,3583719,1
1813,-0.40335584,1.7624311,-2.068109,0.03680463,0.18692477,0.19967657,3582697,0
1061,1.0580661,-0.9196763,0.362175,0.14248432,0.19608775,-0.014126259,3582202,2
976,-1.2130157,-0.1089139,0.310256,0.022143865,-0.056199603,0.026801713,3582156,2
567,-0.400496,-0.5043357,-0.6483774,0.03191771,0.1826487,0.27908906,3581935,2
3277,-1.2118407,0.662245,0.41749668,-0.07376198,0.02687807,0.004810564,3583594,1
2078,-1.4770474,0.7746627,0.7845011,0.089949906,-0.086132,-0.03428481,3582840,0
1784,-0.000203133,0.1189602,0.4422722,0.21395555,-0.049480084,0.76289433,3582681,0
3243,-0.07254362,0.19781452,0.15579224,0.04841107,0.037873644,0.011530082,3583575,1
3574,-0.9690069,0.15943676,-0.39686203,-0.06582073,-0.21685717,-0.122860275,3583754,1
2167,0.06545639,-0.10480933,-1.4521685,0.025198191,-0.056199603,-0.054443367,3582888,0
1672,0.20796096,1.3054607,-0.95221806,0.027030786,0.15271631,0.02069306,3582621,0
2686,0.21890557,0.47213322,-0.8539095,0.034972034,-0.03970624,-0.04344779,3583246,1
1840,-2.1032097,-0.6771042,1.4774008,-0.04810564,0.099571034,0.020082194,3582711,0
1842,1.687256,0.27948594,-0.33499813,0.10216721,0.1563815,0.044516806,3582712,0
3189,-0.21004248,0.41883174,-0.9728174,0.010537425,0.015882496,0.030466905,3583546,1
2601,0.06028092,0.4117208,1.5577402,-0.02367103,-0.040317107,0.020082194,3583200,1
2672,-0.7969606,0.07108328,-0.97619057,0.025809057,0.07086037,0.0463494,3583238,1
615,0.4732579,0.34051347,0.37805557,0.03436117,-0.012217305,0.02069306,3581961,2
1578,-0.05468917,-1.5917706,-0.1591959,0.026419923,0.059864793,0.028023442,3582570,0
2200,-0.31957746,-2.9166229,-1.6278615,-0.095753126,-0.5345071,0.00908662,3582906,0
3580,-0.043811083,0.43101987,0.309906,-0.002290745,-0.0421497,0.009697486,3583757,1
1582,-0.3055036,1.4946508,0.12844181,-0.010231993,-0.04153884,0.02069306,3582572,0
2638,-0.003247738,0.31583923,-0.3170538,0.005039638,0.02443461,-0.017180584,3583220,1
1070,-1.3095269,-1.8079691,0.26051617,-0.000458149,-0.089186326,0.004810564,3582207,2
479,0.44990587,0.5561523,-0.31680202,-0.020616703,0.028710667,0.04085161,3581888,2
2262,-0.69648564,0.5450225,-2.2815542,-0.00412334,-0.047036625,0.034742963,3582939,0
3071,0.08080566,0.5452536,0.16222858,-0.025503624,-0.01282817,0.043295074,3583483,1
1641,-0.34906828,-0.35589623,0.27834988,0.003817908,-0.037873644,0.041462477,3582604,0
573,-0.36864388,-0.08297765,-0.11356926,-0.001679879,-0.1020145,0.17157678,3581938,2
2757,0.7902926,1.0874567,2.4759579,0.054519724,0.06047566,0.007254025,3583284,1
1044,1.2067044,3.1695592,-0.26472378,0.022143865,-0.089186326,-7.64E-05,3582193,2
2067,-0.067103624,-1.6813908,-0.8012562,-0.037110064,0.09712757,-0.023289237,3582834,0
152,0.13886309,0.06452134,-0.8004379,-0.013286319,0.04337143,0.01947133,3581711,2
2964,0.111035466,-0.4611399,0.40483856,0.033750303,0.017104227,0.3554472,3583425,1
3637,-4.636523,-1.9162681,0.14874554,-0.70661837,-1.5870279,-0.9011026,3583788,1
1465,-2.3421397,1.060869,-2.070764,0.05757405,0.001221731,0.15752688,3582509,0
1775,2.448679,-1.4662509,0.9944792,-0.01817324,0.036651913,-0.13141239,3582676,0
1409,0.02377677,-1.017384,0.26242256,0.033750303,0.07819075,-0.04344779,3582479,0
3356,-0.005680442,-0.81590223,1.1484413,0.007483099,0.012217305,0.04085161,3583637,1
984,-0.24298453,-0.9406243,0.9821291,-0.05177083,0.015882496,-0.00496328,3582160,2
2873,0.35493374,0.16941532,-0.19886589,-0.001069014,0.004886922,0.006032294,3583376,1
355,0.36252725,-0.053932965,0.6794853,0.09911288,0.1459968,0.08544478,3581821,2
1069,0.7153151,-0.35674316,-1.111206,-0.024892759,-0.015271631,0.021914791,3582206,2
3141,0.30429292,-0.852303,-0.6569891,-0.013286319,0.014049901,0.03718642,3583520,1
1271,0.22797513,-0.39392185,0.44565296,-0.010842858,-0.10751228,-0.07826711,3582404,0
118,0.38730168,0.006276071,2.904272,-0.072540246,0.015271631,-0.059941154,3581693,2
3538,-0.4252895,1.269599,1.7697401,0.046578474,0.044593163,0.11476631,3583735,1
738,0.17454004,1.7030935,2.532301,-0.012064588,-0.013439035,-0.09903653,3582028,2
3143,-0.14737844,0.0716809,-1.0752649,-0.00290161,0.06414085,0.046960264,3583521,1
2841,0.057330847,0.06691563,0.6102524,0.00992656,0.027488936,0.002367103,3583329,1
1381,-0.6504388,0.4122701,0.99094296,-0.091477074,-0.21685717,0.0463494,3582463,0
3409,-0.026437521,-0.3254815,0.14625263,0.02031127,-0.047647487,0.013362677,3583665,1
1010,-0.09431934,-0.28084219,-0.69957924,0.012980887,-0.21563543,-0.14057536,3582174,2
1312,-0.93830514,-1.1339355,0.5764408,-0.050549097,-0.03970624,0.00786489,3582426,0
3322,-0.014051914,-0.049515728,0.3129816,0.021533,0.023823744,0.006643159,3583618,1
1316,1.8799226,-0.5767874,-3.4677734,-0.00412334,-0.05375614,-0.12041681,3582428,0
464,0.18587554,-0.12571466,-0.97267056,-0.010231993,0.10445796,0.016417004,3581880,2
81,-0.9347031,-0.4371791,-0.59119606,-0.110413894,-0.026267206,-0.11552989,3581673,2
3569,1.1067688,1.8392589,0.6612263,0.037415497,0.27855456,-0.05749769,3583752,1
1172,1.7419918,0.26773882,0.25257206,-0.019394971,-0.020158553,-0.18822286,3582262,2
923,-1.3889589,-0.5083616,-0.31637955,0.016646078,-0.014049901,-0.038560867,3582127,2
3438,1.6450608,0.60488254,0.8773804,0.03680463,-0.14844026,-0.08437576,3583681,1
241,-1.434068,-0.23500597,-0.18689156,-0.012064588,-0.003665192,0.014584408,3581759,2
2245,0.16353011,-0.80586743,-0.62458897,-0.071318515,-0.06658431,-0.030619621,3582930,0
2692,-1.7596831,-0.3068025,0.70771885,0.004428773,-0.01160644,0.08666651,3583249,1
2718,-0.096176386,0.29610783,-0.27046013,-0.025503624,-0.040927973,-0.002519819,3583263,1
2640,0.28393292,-0.6982302,-0.5474119,-0.043829583,0.07452556,-0.014737124,3583221,1
2904,-1.0197378,-0.59955513,0.64929485,0.000763582,0.048258353,0.024969118,3583392,1
649,-1.907216,0.15964231,1.862299,0.024587326,-0.069027774,0.16791159,3581979,2
3481,0.1647507,0.03861253,-0.26401615,-0.09636399,-0.030543262,0.053679783,3583704,1
613,-0.19993865,0.43333232,-1.6276379,-0.075594574,-0.065973446,0.02313652,3581960,2
3187,-0.49362242,1.0767595,0.3945036,-0.030390546,0.073303826,0.026190847,3583545,1
3119,0.30923808,0.8856206,1.095418,-0.007177667,0.10567969,0.013362677,3583509,1
3265,-0.5689651,-0.1707403,0.756052,0.02275473,0.20647246,0.004810564,3583587,1
3080,1.1153325,1.2911195,-0.22406101,0.014202617,0.07574729,0.005421429,3583487,1
178,-0.37709296,-0.07718876,-1.2471294,0.002596177,-0.03970624,0.025579982,3581725,2
1875,1.1625085,0.37146586,-0.738986,-0.020616703,-0.25595254,-0.06543894,3582730,0
538,0.032126665,-1.4262593,0.34059143,0.010537425,-0.047647487,-0.001908954,3581920,2
3288,0.8555958,-0.18352985,-0.08159542,-0.06154467,-0.13561209,-0.001908954,3583600,1
2060,-0.78345215,1.0488371,0.020175934,-0.0786489,-0.0421497,0.027412578,3582830,0
1471,-0.11665785,-1.339486,-0.23321724,-0.000458149,0.009773844,0.00908662,3582512,0
2957,-1.252033,0.011879206,0.09904766,0.05879578,0.012217305,0.2925281,3583421,1
979,-1.2156482,0.34085906,0.2517872,0.042913284,-0.047647487,0.06528623,3582158,2
2688,-0.72091055,-1.8717018,0.37324333,0.000152716,-0.05375614,-0.06421721,3583247,1
3129,0.40875602,-0.5266468,-0.7725649,-0.01450805,-0.07941248,-0.001298089,3583514,1
1858,-2.6206374,-0.5814907,-2.7191024,0.03436117,0.070249505,0.10560333,3582721,0
3422,-1.2657417,0.51737225,-0.6817999,0.037415497,-0.029932396,-0.019013181,3583672,1
3259,-0.8416989,0.23067197,-2.3040986,0.012370021,-0.073303826,-0.0397826,3583584,1
1798,-0.030798912,0.4267757,0.071240425,0.059406646,0.0421497,0.21189389,3582689,0
3362,0.7015536,0.81218594,-0.021233559,0.015424348,0.007330383,0.043295074,3583640,1
1221,-0.73779047,0.6672817,0.25414371,0.017256944,-0.019547688,0.15813774,3582377,0
2180,-3.5877204,1.2262022,0.09566975,-0.055436023,0.05131268,0.18379408,3582895,0
1131,-0.008668184,-1.3679628,0.6250706,-0.01695151,0.04520403,0.012140946,3582240,2
517,-0.22838187,-0.4724136,-0.19549751,-0.09086621,-0.10567969,0.039629884,3581908,2
1035,1.6600564,0.7221306,0.57489586,0.049021937,0.13622294,0.08544478,3582188,2
1009,-0.19407701,0.5433287,-0.094353676,-0.012675454,-0.053145275,-0.000687223,3582174,2
103,-1.0362381,0.08818948,-0.9361582,0.08628472,-0.005497787,0.031077769,3581685,2
1337,-0.38850576,-0.36773205,-0.41858387,-0.024281893,0.053145275,0.09094256,3582440,0
2923,-0.25647116,-0.10576618,-0.3405733,-0.035888333,-0.099571034,-0.053221636,3583403,1
1617,-0.9338046,0.029154837,-1.8537164,0.13087788,-0.18753563,-0.15890132,3582591,0
153,0.2125578,0.6613016,-0.030713081,0.029474247,-0.030543262,0.018860465,3581712,2
2293,-0.7640071,-1.8433112,1.1012268,0.03863723,-0.35185838,-0.110032104,3582956,0
2950,1.204869,0.48729485,0.6146755,0.054519724,0.24312437,-0.2926808,3583417,1
1273,0.35753214,-2.124141,0.48359776,0.05207626,0.07269296,0.036575556,3582405,0
2272,0.36296797,-1.315528,0.15228558,0.01786781,0.044593163,0.017638734,3582945,0
1169,1.0389175,-0.4486155,0.51570225,-0.04260785,-0.002443461,-0.1295798,3582260,2
269,0.12841725,-0.80596346,0.17331123,-0.015118915,-0.05009095,-0.01779145,3581774,2
311,-0.674546,-0.60552186,0.08272934,0.0355829,0.03726278,-0.036728274,3581797,2
2404,-0.31716812,-1.3101573,0.24253082,0.005039638,-0.13744467,-0.06604981,3583093,1
1974,-0.7923492,0.95108724,-0.07748985,0.027030786,0.01160644,-0.022067508,3582784,0
1876,-1.6584026,0.94669855,-0.48684597,0.04718934,0.1001819,0.17768542,3582731,0
2184,0.91556716,1.3033452,0.27143192,0.029474247,0.037873644,0.020082194,3582897,0
1405,0.11086357,0.13982368,-0.31711864,0.02031127,0.023823744,0.05551238,3582476,0
2419,-0.13301528,0.03472703,-0.38325405,0.003207043,0.016493361,0.07322747,3583101,1
604,0.62328863,0.20398295,0.350832,-0.1385137,-0.10323623,-0.49793154,3581955,2
3262,-0.7781638,-0.6225573,1.4487295,-0.029168816,0.023823744,-0.004352415,3583586,1
1625,-0.20129752,-1.7067463,0.48101902,0.038026363,-0.2687807,-0.017180584,3582595,0
2938,-0.54446185,0.38532925,0.30800152,0.056352317,-0.03726278,0.3554472,3583411,1
2564,-0.19343853,-0.12493688,-0.32754326,0.012980887,-0.010995574,-0.019624045,3583180,1
1609,-1.602249,-0.079269886,-1.8577051,-0.009621128,-0.058643065,-0.022678372,3582587,0
1903,0.43867004,-0.68166953,0.49632263,0.042913284,0.003665192,0.002977968,3582745,0
670,1.9405804,-2.1030433,0.547719,0.009315695,0.19425514,-0.061773747,3581991,2
2248,0.502944,-1.4243201,-0.072883606,-0.021838432,-0.040317107,-0.002519819,3582932,0
3343,0.4756627,-0.17896196,-1.2064667,-0.06704246,0.19181168,-0.13019066,3583629,1
3567,2.0446403,0.7013926,0.6895008,-0.04260785,-0.056199603,-0.0978148,3583750,1
533,0.58838177,0.34991443,-0.3020258,0.017256944,0.059864793,-0.05749769,3581917,2
1591,0.5375329,-1.9117049,-0.26641178,0.0795652,0.100792766,-0.011071933,3582577,0
2298,-0.58956623,-1.1476033,-0.21294117,0.05513059,0.003054326,0.27908906,3582959,0
1319,-0.035986423,0.5330645,-1.499918,-0.1470658,-0.09712757,-0.011071933,3582430,0
2203,-1.7836491,-0.8337549,0.10577297,-0.008399397,-0.05375614,0.1043816,3582907,0
836,-0.7623832,-0.43211946,1.7195873,0.008093964,-0.014660766,-0.003130684,3582080,2
2394,-0.11173558,-0.113221854,-0.5654888,0.011148291,0.05681047,0.1288162,3583088,1
512,0.19444942,-0.007725552,0.8419733,0.029474247,-0.005497787,-0.025121834,3581905,2
2855,1.3845072,0.6212728,-0.5878267,-0.04932737,-0.09896017,-7.64E-05,3583366,1
1598,0.68215156,1.6600075,0.9427109,-0.07803804,-0.043982297,0.12331842,3582581,0
2263,-1.2528998,0.12366417,0.2981186,0.028863383,-0.08857546,0.070173144,3582940,0
2947,1.3335323,0.5787545,0.085679054,-0.019394971,0.08674286,-0.19799669,3583416,1
1803,0.03327632,0.11367929,0.3352871,0.013591751,-0.06841691,0.05551238,3582691,0
1832,-0.13472211,-0.2884462,1.1286888,0.001374447,-0.01160644,0.065897085,3582707,0
1202,-0.14744043,0.042525113,0.12718773,0.017256944,-0.003054326,0.07506007,3582367,0
1184,-1.9819994,-0.6389271,0.929656,0.020922136,0.021380283,0.48006374,3582268,2
664,1.505762,-0.2035577,-1.0935163,0.02397646,0.105068825,-0.05138904,3581988,2
2850,-0.989751,0.6028991,0.6196594,-0.04932737,-0.09101892,-0.042836927,3583363,1
1446,-0.84406805,0.52169704,-0.052506447,-0.08903361,0.01282817,-0.2578615,3582499,0
1525,-0.2013303,0.36313686,0.19981289,0.011759156,0.01160644,-0.006185011,3582541,0
427,-0.3742988,-0.6746378,0.48809624,-0.07620544,0.01160644,-0.027565295,3581860,2
40,1.0180122,0.70333594,-0.9524183,0.031306844,-0.06414085,0.031077769,3581651,2
911,-1.1233793,-0.67834413,0.13965702,0.013591751,0.105068825,-0.00496328,3582121,2
3036,0.21852481,-0.93778944,-1.1455612,-0.010842858,-0.039095376,0.021303926,3583464,1
2076,2.4297712,1.4491104,0.6129303,0.013591751,0,-0.055665094,3582839,0
1643,-0.18902373,-1.0022085,-0.16086292,0.025809057,0.012217305,0.04024075,3582605,0
2839,-0.8897952,-0.20223069,0.30615425,0.094225965,0.14905111,0.006643159,3583328,1
1038,0.11077726,0.558607,-1.0573921,0.042913284,-0.12034045,0.11415544,3582190,2
941,-1.7185764,-0.21150875,-1.0614395,-0.03772093,-0.031154128,0.14775303,3582137,2
467,-0.058419347,-0.40330976,-0.83809376,0.030085113,0.18081611,0.04085161,3581881,2
3437,0.090630054,-0.7744148,0.662549,-0.001069014,-0.1160644,-0.08865182,3583680,1
3507,1.2434365,0.29062033,-1.4532452,0.030695979,0.05009095,-0.09292787,3583718,1
1140,0.42384624,0.18572775,0.9901457,0.034972034,0.0421497,-0.009239337,3582245,2
3171,-0.21322012,0.44031784,0.3931408,0.05390886,-0.108123146,-0.03306308,3583537,1
777,0.69153607,0.4618103,-0.8381233,0.020922136,-0.047647487,-0.063606344,3582049,2
3231,0.67176485,-0.17231,0.009074211,-0.020005837,0.039095376,-0.024510968,3583569,1
3614,0.09810662,-0.5616598,-1.3345423,-0.006566802,0.27183503,-0.009239337,3583776,1
2008,-0.3232479,0.44828868,1.0558805,-0.019394971,0.056199603,0.05795584,3582802,0
1254,-0.82311094,1.4953158,-0.7472677,0.044745877,-0.08674286,0.08055785,3582395,0
659,0.5108726,0.43023238,-0.25705528,-0.015118915,-0.054367006,-0.026343564,3581985,2
2150,-0.3479824,-0.3816329,-0.686553,-0.08781188,-0.09285152,0.004199699,3582879,0
1081,-0.021017909,0.14100179,0.07687855,0.041080687,-0.13805555,0.05673411,3582213,2
2550,0.17387342,0.15814552,-0.4426508,-0.012675454,-0.009773844,-0.02939789,3583172,1
806,-0.16548514,0.459767,-0.5085716,0.020922136,-0.1001819,-0.025121834,3582064,2
3112,-0.991776,-0.15935415,0.52378654,0.03863723,-0.004886922,-0.012904529,3583505,1
1984,-0.24356604,0.29847386,0.12649918,0.04230242,0.043982297,0.024358252,3582789,0
144,-0.5883533,-0.9125505,0.21210575,0.06001751,-0.13316862,-0.031230485,3581707,2
675,-0.5857099,-1.6328287,0.092811584,0.008093964,-0.080634214,-0.008628472,3581994,2
161,-1.0269365,-0.109438896,0.23638153,0.051465396,-0.03481932,0.071394876,3581716,2
2006,-0.005507231,-1.0174608,0.8578186,0.001374447,-0.021991149,-0.001908954,3582801,0
3312,-0.04930854,0.3658815,-0.16684914,0.003207043,0.021991149,0.021303926,3583613,1
67,-2.3862872,-1.1911907,1.1060066,0.09483683,0.019547688,0.06650795,3581665,2
1732,-1.0893967,-0.21845722,0.6778145,-0.009010263,0.002443461,0.028023442,3582653,0
3215,-1.0237617,-0.2668159,-0.10782623,-0.06093381,0.015882496,0.042073343,3583560,1
1002,-0.68196464,-0.5489793,0.7821474,0.002596177,-0.081855945,-0.025732698,3582170,2
3605,0.3494513,-0.9742705,-0.4728403,-0.020616703,0.03481932,0.00786489,3583771,1
2886,0.18312299,-0.22188862,0.17617607,-0.005955936,0.028710667,-0.011682798,3583383,1
2670,-0.13231921,-0.27023065,-0.43042564,0.041691553,-0.026267206,0.021914791,3583237,1
1666,-0.29943419,-0.30557072,-0.27966022,0.0759,-0.02687807,-0.004352415,3582617,0
711,1.1042683,-0.26806283,-0.005199432,-0.033444874,-0.13255776,0.05795584,3582013,2
770,1.8904705,2.2008758,0.9779663,0.015424348,-0.026267206,-0.014737124,3582045,2
3625,-0.550519,-0.24971616,-0.022238731,-0.001679879,-0.000610865,-0.03306308,3583782,1
273,-0.07703292,-0.29111025,-0.104579926,0.008093964,0.16737708,0.0182496,3581776,2
2916,-0.45075643,0.64729166,-0.10791588,0.025198191,-0.09590584,-0.025121834,3583399,1
734,-0.2045176,-0.64454436,0.71335506,0.03924809,0.16126843,0.03352123,3582025,2
2230,-0.26541293,-0.3139358,-0.61732864,0.005039638,-0.13316862,0.0182496,3582922,0
2153,-0.14828277,-0.28935236,0.9191227,-0.043829583,0.43676865,0.08666651,3582880,0
268,0.73912287,0.43837807,0.19689083,0.022143865,0.001832596,0.02313652,3581774,2
2414,-1.8875022,-0.82485175,-0.58902645,-0.05177083,-0.019547688,0.16363552,3583099,1
508,-1.2345526,0.23546207,-0.123518944,0.044745877,0.044593163,-0.01779145,3581903,2
2971,0.13171577,-0.07259339,0.08702278,0.007483099,0.03848451,-7.64E-05,3583429,1
3245,0.4999566,0.04252112,0.9877014,-0.11285736,-0.23762658,-0.004352415,3583577,1
1716,0.9820632,2.1166425,1.0697994,-0.024892759,-0.023823744,0.001756238,3582644,0
880,0.18507719,0.5494617,-0.1304617,-0.006566802,-0.017715093,-0.00374155,3582104,2
3219,-1.0210512,-0.05620891,-0.12744522,-0.020616703,-0.226631,-0.02695443,3583563,1
1104,0.27685142,1.1094775,0.23948956,-0.017562376,0.021380283,0.015806139,3582225,2
568,-0.20211792,-1.3634696,0.6128807,-0.012064588,-0.001221731,0.18012889,3581936,2
146,0.099351406,-0.3889095,-1.0395012,0.10094548,-0.006108652,-0.020845776,3581708,2
3038,0.735793,0.84801775,0.5569706,-0.062155537,0.013439035,0.010919216,3583465,1
1718,0.53433204,-0.2237308,1.7918491,-0.04627304,-0.023823744,-0.008628472,3582645,0
2341,-1.5510405,-0.36908364,0.7171593,-0.10308351,-0.17898351,0.08422305,3583059,1
2284,0.8358302,0.44853288,-0.2604437,-0.011453724,-0.064751714,-0.24381159,3582951,0
3020,0.8732363,-0.5657294,0.40708828,0.031306844,0.096516706,0.04757113,3583455,1
1954,0.9123528,-0.7151752,-1.1253033,-0.16050485,0.30726522,0.03596469,3582773,0
2033,0.16671729,0.003632948,0.09576416,0.008093964,0.27916542,0.02985604,3582816,0
1872,3.0449154,0.29576588,-0.32371807,-0.07437284,-0.26145032,-0.14301883,3582729,0
1490,-0.62998724,-0.8365323,-1.6980171,0.09666943,-0.108123146,-0.062384613,3582522,0
934,-0.8237213,-0.1829179,0.70534706,-0.03283401,-0.092240654,-0.006185011,3582133,2
3298,0.64091015,-0.29124877,-0.153368,-0.001069014,-0.001832596,-0.058108557,3583605,1
3217,-0.88617855,0.53068537,-0.94085693,-0.017562376,-0.006719518,-0.000687223,3583561,1
1195,-0.8206722,2.5565991,-0.61759853,-0.031612277,-0.86559606,-0.96218914,3582274,2
2832,1.0588014,-0.067665696,-0.36202717,0.045356743,-0.051923547,-0.02695443,3583324,1
3581,-0.062223196,-0.0735113,-0.060634613,-0.004734206,0.001832596,0.00786489,3583758,1
2448,-0.3617869,-0.3670845,0.6612091,0.09117164,-0.045814894,0.061010167,3583117,1
3403,-0.750553,-0.3856169,-0.06714249,0.06612616,-0.021380283,-0.039171733,3583662,1
229,-0.44848144,0.6266706,-1.01122,0.012370021,-0.051923547,-0.039171733,3581753,2
514,-0.32233548,-0.7038464,1.8271141,0.05024367,-0.11362094,-0.031841353,3581907,2
875,-1.3314061,-0.6831166,0.52373505,0.009315695,0.03970624,0.027412578,3582102,2
125,0.2569821,-0.1243099,-0.49212742,-0.008399397,0.027488936,-0.10331258,3581697,2
51,1.0312804,0.72823286,0.1628828,-0.087201014,-0.02443461,0.065897085,3581657,2
619,0.036445856,-0.47728482,-0.59800434,-0.015118915,-0.07880162,0.022525655,3581963,2
2247,-0.45345402,-0.3963775,0.3194294,-0.04260785,-0.12522738,0.006032294,3582931,0
1899,-0.51662314,0.9040269,1.2160225,0.033750303,-0.03726278,-0.005574145,3582743,0
1286,1.9459128,-0.6871075,-1.5684175,-0.10797043,-0.056199603,-0.1698969,3582412,0
2531,0.37875438,0.634146,0.16078186,0.03436117,0.06414085,0.012140946,3583162,1
3354,1.169491,0.0571685,-0.54674435,-0.001069014,0.047036625,0.034132097,3583635,1
3587,-0.7426605,-0.87641776,0.36642742,-0.013897184,-0.15577064,-0.008628472,3583761,1
1306,-0.40862173,1.7014275,1.0650682,-0.015118915,0.03359759,0.117820635,3582423,0
3386,-0.80809957,0.08025837,-0.7560291,0.011759156,0.02565634,0.13309227,3583653,1
845,0.18511248,-0.23636219,-1.0988274,-0.009621128,-0.027488936,0.008475755,3582085,2
1186,0.015489757,-0.43333888,0.65505695,0.10827587,0.000610865,0.6309474,3582269,2
1985,-0.585853,0.05427289,0.37552834,0.030695979,0.12889257,0.02985604,3582790,0
3242,0.75247943,-0.5318037,-1.0117416,-0.029168816,-0.13683382,0.026801713,3583575,1
2455,-0.7071021,-0.7254167,0.5718317,0.019700404,0.051923547,0.004199699,3583121,1
1510,1.1046184,0.55082715,-0.033759117,0.056352317,-0.10140363,0.017027868,3582533,0
2206,-0.26526672,-0.6466679,-0.37948132,0.016035212,-0.014049901,0.1782963,3582909,0
1171,1.6566229,-0.79908437,-0.7770519,-0.059101213,-0.036651913,-0.17967074,3582261,2
2869,-0.5540085,-0.004008353,-0.46462727,0.047800206,0.07513642,0.025579982,3583374,1
166,-0.954956,0.87926555,1.0859556,0.005039638,-0.05131268,0.018860465,3581719,2
344,-0.11131048,0.3503166,-0.39005184,0.060628377,0.080634214,0.03901902,3581815,2
235,-0.1644237,0.11209062,-0.5674658,0.033750303,-0.015271631,-0.072158456,3581756,2
339,-0.34894216,-0.3824355,-0.023623466,-0.020616703,-0.043982297,-0.039171733,3581812,2
3540,0.06691718,-0.79523325,0.046351433,-0.021838432,-0.047036625,-0.022067508,3583736,1
2164,1.5011475,-0.7743424,-0.6390743,-0.07498371,0.13316862,0.024969118,3582886,0
1214,-0.69294643,-1.2386423,-0.025651932,0.061239243,-0.073303826,0.09277516,3582373,0
3367,0.12874973,-0.29726973,-0.53064156,-0.005345071,0.01038471,0.022525655,3583642,1
317,0.5629624,1.0313348,-0.34222698,-0.0627664,-0.034208454,0.00908662,3581800,2
2333,-0.4336443,-0.14790285,-0.32722473,0.12843442,0.000610865,0.1764637,3583055,1
500,-0.79241014,-0.4794762,-0.010928154,-0.08231409,-0.03359759,-0.023289237,3581899,2
1098,1.8747315,0.52831674,0.24671555,-0.04932737,0.092240654,-0.09903653,3582222,2
3115,-0.23037934,0.42466986,1.5649767,-0.038331795,0.095294975,0.023747386,3583506,1
3578,-0.20736909,0.8896328,0.20367432,-0.0364992,0.016493361,-0.010461068,3583756,1
1476,1.6964655,1.5538425,-0.74137306,-0.056046885,0.03970624,0.005421429,3582515,0
3498,-0.38610673,-0.040382504,-1.0716839,0.027641652,-0.015882496,0.061010167,3583713,1
3435,1.7543762,0.16053629,-0.9582758,0.09239337,0.006108652,-0.024510968,3583679,1
1818,-0.1512425,-0.1226386,-0.22110367,0.051465396,0.08857546,-0.010461068,3582699,0
2580,0.2539816,0.63453865,0.33338833,0.03191771,0.018325957,-0.011071933,3583188,1
232,-0.7502197,-0.25288218,-0.22727203,-0.07315111,0.07513642,-0.050778173,3581754,2
1821,0.15912509,0.2587824,-0.025512695,-0.072540246,-0.13255776,-0.20288362,3582701,0
2493,0.7283801,0.36735308,0.06679344,-0.09208794,-0.12156218,0.002367103,3583141,1
484,-1.5372773,-0.007200316,-0.8738785,0.001985312,0.009773844,0.07689266,3581890,2
605,1.4427435,-0.1261189,-1.7974648,-0.14523321,0.17104226,-0.45150578,3581956,2
239,0.36923146,0.13370782,0.36629963,-0.069485925,-0.058643065,0.002367103,3581758,2
3447,2.006847,1.4921095,4.0029535,0.06856962,-0.226631,-0.04589125,3583686,1
1897,0.16123104,1.1041489,0.7473049,0.06490443,-0.018325957,-0.011682798,3582742,0
2422,0.6791347,-0.5528246,0.88781166,-0.05665775,-0.096516706,-0.09720393,3583103,1
3017,-0.6976825,1.0565172,-0.068683624,0.001985312,0,-0.05505423,3583453,1
2884,0.3373705,-0.14523062,-0.7274723,0.046578474,-0.045814894,-0.024510968,3583382,1
914,-1.7316601,-0.95038414,-0.10813236,-0.04932737,-0.15577064,0.15325081,3582123,2
1856,-1.8746217,-1.9523187,1.775034,0.0777326,-0.3549127,0.09521862,3582720,0
3460,1.2803423,0.8217044,0.11509991,0.07223482,0.1020145,-0.006795876,3583693,1
700,-0.19991648,0.20212922,0.044683456,0.09666943,0.14355333,0.018860465,3582007,2
1305,0.8031792,1.449213,0.30187607,0.00870483,-0.050701816,0.097662084,3582422,0
2676,0.4303769,0.49024388,-0.3982315,0.027030786,0.014049901,-0.022067508,3583240,1
3552,0.027005553,0.6553015,0.46525478,-0.034055736,-0.025045475,0.054901514,3583742,1
2133,-1.6286794,0.20493037,-0.20401669,0.004428773,-0.035430185,0.064064495,3582870,0
3074,-0.5102387,0.046593964,0.063331604,0.033750303,0.035430185,0.071394876,3583484,1
1959,-0.47796,0.55618566,-0.58373547,0.006261369,-0.08979719,-0.025732698,3582776,0
2364,1.1046511,0.54356986,-0.033533096,-0.005955936,-0.037873644,0.004810564,3583072,1
2503,-0.87175417,-0.36005077,-0.90731525,0.004428773,0.018936822,0.001756238,3583147,1
2316,-0.3226254,-0.3462356,0.27464676,0.08017606,-0.013439035,0.33589953,3583046,1
2653,-0.7072048,-0.44990003,-0.038985252,0.011759156,-0.02565634,0.10315987,3583228,1
2383,0.96695447,-0.31499565,0.73401356,-0.010231993,0.022602014,0.028023442,3583082,1
2403,0.7310884,-0.000260405,1.120636,-0.11224649,0.020158553,-0.035506543,3583093,1
3325,-0.05548978,-0.7776899,0.005012512,0.028863383,0.16249016,0.03596469,3583620,1
2001,0.5718529,0.44821584,0.52609444,-0.000458149,-0.002443461,-0.040393464,3582798,0
3300,0.954026,0.15396242,-1.0500269,-0.013897184,-0.058643065,-0.12530373,3583606,1
279,0.30949104,0.32975072,0.5228138,-0.009010263,-0.004886922,-0.013515393,3581780,2
3090,0.39625168,-0.03778696,0.5006962,0.032528576,-0.10140363,-0.007406741,3583493,1
2542,-0.59548366,0.28454533,0.2595148,0.031306844,0.08552113,-0.033673946,3583168,1
606,1.4641161,0.7626747,-0.62368965,-0.076816306,0.014660766,-0.2822961,3581956,2
1830,-0.07964182,-1.2203465,-0.06390762,0.006872234,0.04520403,0.028023442,3582706,0
2370,0.13122737,-0.38069615,-1.1667528,-0.10308351,-0.20525073,-0.0397826,3583075,1
3049,0.39442968,-1.2886099,0.49661255,0.010537425,0.025045475,-0.014126259,3583471,1
3236,-0.17289877,0.5050972,0.92835045,-0.07376198,-0.05375614,0.001145372,3583572,1
1983,-0.20861888,-1.2249291,1.4171877,-0.01450805,0.03481932,-0.019013181,3582789,0
2976,0.21227956,0.101745546,-0.8646889,0.047800206,-0.10751228,0.20334177,3583431,1
3307,-0.011052609,0.82932,0.48289013,-0.04627304,0.009773844,0.000534507,3583610,1
837,-0.33733845,-0.31745636,-0.37869263,0.054519724,-0.0580322,-0.031230485,3582081,2
499,0.58627033,-0.41322398,0.7703209,-0.0627664,-0.0580322,-0.007406741,3581898,2
1488,-0.124697685,1.3492811,0.23179913,0.016035212,0.014660766,-0.011682798,3582521,0
47,-0.10930574,0.63884765,-0.6289568,0.05390886,-0.06169739,0.106214195,3581654,2
1213,-0.5127404,-0.96300614,0.5778246,-0.055436023,-0.064751714,0.010919216,3582373,0
14,0.16359544,0.47510707,0.006772995,0.005039638,-0.013439035,-0.06116288,3581637,2
925,-1.4542642,0.43722063,0.43524933,-0.05299256,-0.18325958,-0.014737124,3582129,2
3351,-0.39000344,0.10123232,-0.7534504,-0.000458149,-0.031154128,0.020082194,3583634,1
1829,-0.21645105,0.024738789,1.3960218,-0.002290745,-0.027488936,0.013973543,3582705,0
3161,-0.1527437,0.48721933,-0.42862797,-0.024281893,-0.093462385,0.020082194,3583531,1
549,0.8982495,0.028264463,-0.26040077,0.021533,0.014049901,0.32673654,3581925,2
908,-1.9554365,1.7916133,1.8051109,-0.001679879,-0.11178834,0.022525655,3582119,2
3238,-0.002811909,0.003700018,0.4955597,0.005650504,0.013439035,-0.005574145,3583573,1
3527,-0.34674263,1.4348986,0.880064,-0.024892759,-0.08674286,0.14775303,3583729,1
1699,-0.22082293,1.5953363,-0.34357262,0.029474247,-0.021380283,0.002977968,3582635,0
2313,0.26891437,-0.7614647,0.76237965,-0.04138612,0.15882497,-0.33177617,3583044,1
1927,0.117442966,0.30748764,3.237234,0.010537425,0.19181168,0.065897085,3582758,0
155,0.16520143,0.08641583,-0.1563015,-0.037110064,-0.015882496,0.010919216,3581713,2
2520,0.07868755,0.03856206,-0.19311333,0.037415497,0.043982297,0.048181996,3583156,1
1001,-0.5083375,0.42952737,-0.32301426,0.003207043,0.020158553,-0.011071933,3582170,2
971,0.012827158,-0.66252506,-1.0770645,-0.005955936,-0.03176499,-0.08315403,3582153,2
3378,0.33658457,0.9644717,0.27763748,0.04230242,0.089186326,-0.002519819,3583648,1
2009,0.6822312,-0.19784117,-0.5585995,0.006872234,-0.03359759,-0.03306308,3582803,0
576,-1.0740231,0.49058187,1.1653833,-0.00412334,-0.053145275,0.2570979,3581940,2
3535,-0.60901856,-0.12754649,-0.5341139,-0.07009678,-0.13439035,0.13125966,3583733,1
746,3.7569857,3.6508338,2.1107512,-0.003512475,-0.2443461,0.1379792,3582032,2
867,0.48609018,0.8804449,-3.5061235,0.07223482,-0.21930063,-0.6659195,3582097,2
1658,-1.9490403,-0.4390863,-0.7983837,-0.015118915,-0.003665192,0.06467536,3582613,0
1861,1.1215992,-0.49263585,-0.39384174,-0.079870634,-0.14294247,0.005421429,3582723,0
3376,0.9884007,1.0812707,0.46998978,0.025198191,0.049480084,0.004810564,3583647,1
790,0.83114886,-0.43093342,-2.008409,0.001985312,-0.25717425,-0.03733914,3582056,2
71,-0.66064614,0.47948244,1.7438354,-0.12690726,-0.12461651,0.15569428,3581667,2
2340,-0.14190257,0.3740467,0.22889996,0.14065172,0.06841691,0.19112447,3583059,1
3297,0.67198586,-0.041529983,-0.80520916,0.027641652,0.28955013,0.008475755,3583605,1
2381,-0.72296214,-0.16008684,0.32838917,-0.004734206,0.1142318,-0.13141239,3583081,1
1239,0.5455203,0.19482458,-0.65019226,-0.035888333,-0.026267206,0.029245174,3582387,0
2562,0.103682995,0.11754072,-0.45355034,-0.019394971,-0.018325957,-0.028176159,3583179,1
2759,-0.1222235,-0.34418514,0.4460945,-0.00290161,0.007941248,-0.010461068,3583285,1
83,-0.014435411,-0.950908,0.82091236,-0.08781188,-0.093462385,-0.033673946,3581674,2
3408,-0.19238615,0.12329984,-1.5198679,-0.04016439,0.021991149,-0.013515393,3583665,1
3406,-0.28554606,-0.07316622,0.7649317,0.00992656,-0.022602014,-0.025121834,3583664,1
3099,-0.61879003,-0.69236714,-0.907814,-0.018784106,-0.06719518,0.006032294,3583498,1
2959,-1.6471205,-1.9035966,-0.93895626,0.14248432,0.023823744,0.34261903,3583422,1
1579,-0.3274474,-0.6322697,-0.5939369,0.03436117,0,0.037797287,3582570,0
2,-0.5946599,-0.122409865,0.2205019,-0.019394971,-0.029321533,0.08788824,3581630,2
2691,-0.3586688,-0.31764418,-0.75909233,-0.059101213,-0.05681047,0.034742963,3583248,1
1915,-0.5370897,-0.30483514,-0.48490715,0.12843442,-0.054367006,0.001145372,3582752,0
2981,1.2153583,0.49189922,0.5821934,0.019700404,0.009162978,0.0762818,3583434,1
3526,-0.91020346,-0.525962,2.0258179,0.07467828,-0.043982297,0.15080735,3583728,1
1671,-0.8359933,1.8958783,0.92061806,-0.01695151,0.032375857,0.000534507,3582620,0
987,-0.7949834,-1.0536178,3.0327854,-0.04627304,-0.0720821,-0.054443367,3582162,2
2784,-0.65703094,1.0879571,-0.82602787,0.05207626,0.03970624,-0.006185011,3583298,1
2831,1.4501154,0.42461023,-3.652553,-0.043829583,0.006108652,-0.014737124,3583324,1
1018,0.39204073,1.676827,0.3252182,0.028252518,-0.015271631,-0.072158456,3582179,2
762,0.98566043,-0.15524942,1.4816561,-0.012675454,-0.17592919,-0.055665094,3582040,2
446,-0.6744447,-0.14493942,-0.5986061,-0.02977968,-0.1563815,-0.032452215,3581870,2
1060,1.5003293,-0.7748499,-0.15638256,0.022143865,-0.06536258,-0.07032586,3582201,2
2384,-0.8317312,-0.3456138,-0.7083454,0.071013086,-0.009773844,0.061621033,3583083,1
3267,-0.061066866,-0.8832753,0.5764971,-0.010231993,-0.021380283,-0.030008756,3583588,1
1161,0.55636644,1.094665,0.0680666,0.009315695,-0.02687807,-0.13263412,3582256,2
1681,1.0905092,2.1197202,-1.3275757,-0.004734206,-0.003054326,0.010919216,3582625,0
1789,1.0039254,-1.8955073,-1.1659269,0.113162786,0.3231477,0.49716794,3582684,0
2767,0.29401183,0.6284371,0.9561024,0.004428773,0.11301007,0.013973543,3583289,1
2885,1.2168854,0.47690278,-0.19045067,0.037415497,0.03481932,-0.031841353,3583382,1
1136,-0.5670364,-0.04540442,0.13901806,0.003817908,0.005497787,0.002367103,3582242,2
1165,1.1311717,0.7547516,-1.6180682,0.041691553,0.10995574,-0.10209085,3582258,2
3629,-0.71941996,-0.6988713,1.0629711,-0.054825157,-0.029932396,0.11415544,3583784,1
1709,1.0220585,0.15740901,-0.16590786,-0.01817324,-0.023823744,-0.028176159,3582641,0
744,0.35046136,-0.1214817,1.9397297,-0.17638734,-0.37507126,0.20395264,3582031,2
3517,-0.53817916,-0.87214756,-1.2782774,-0.037110064,-0.028710667,0.009697486,3583723,1
1238,1.4454429,0.08674666,0.6754675,-0.017562376,0.014660766,-0.048945576,3582386,0
1315,0.2713225,-2.100177,-7.143998,-0.057268616,-0.32620203,-0.22731823,3582428,0
283,-0.1801846,-0.3898878,-0.9060259,-0.087201014,-0.049480084,-0.006795876,3581782,2
258,0.43747294,-0.53117573,-2.804398,-0.020005837,-0.11056661,0.013362677,3581768,2
358,0.3690449,-0.48629326,-0.5755768,-0.035888333,-0.07819075,0.04268421,3581822,2
3366,0.57888913,0.47806773,-0.26723766,0.03313944,-0.09162979,0.008475755,3583642,1
2860,-0.5710292,0.37188363,-0.29834175,-0.013897184,-0.07147124,0.012751812,3583369,1
2367,0.84279823,0.67636704,0.46356583,0.00992656,0.008552114,-0.012904529,3583073,1
2689,0.081849575,-0.68456376,0.002651215,0.06001751,-0.020158553,-0.10514518,3583247,1
1919,-0.8326191,-0.20447794,0.38987827,0.019700404,0.1337795,-0.5803983,3582754,0
316,-0.42821503,-0.40514922,0.2510023,0.034972034,0.09773844,0.042073343,3581800,2
889,0.15241456,1.7383956,2.039012,-0.09697486,-0.08002335,-0.010461068,3582109,2
654,0.77752566,0.30503777,1.6295185,-0.012675454,0.08552113,0.017638734,3581982,2
3597,-0.7356764,-0.59916836,-0.45747852,0.022143865,0.025045475,0.024969118,3583767,1
1078,-1.3442408,-1.1271638,0.0281353,0.0795652,-0.007941248,0.10865766,3582211,2
1607,0.0426147,0.5986534,1.6186886,0.031306844,0.007941248,-0.008628472,3582586,0
1237,-0.9929393,-0.43409896,0.38933182,-0.01817324,0.008552114,0.004810564,3582386,0
1173,1.17507,-0.109170526,-0.96834946,-0.033444874,0.1160644,-0.12102768,3582262,2
3433,-0.7273208,0.05396217,-0.69497967,-0.033444874,0.05131268,-0.003130684,3583678,1
3280,0.37067008,0.24848412,1.2427435,0.001985312,-0.018325957,0.017027868,3583595,1
2901,-0.41314077,0.19558373,0.7961178,0.016646078,0.019547688,-0.015347989,3583391,1
1073,-0.004305244,-2.2636948,-0.684885,-0.030390546,-0.17959438,-0.054443367,3582208,2
1654,0.9814055,1.1972463,-0.37460423,-0.08903361,-0.1740966,-0.14851661,3582611,0
2234,0.88368845,-1.2823536,0.5941324,0.018478673,-0.18997909,-0.07765625,3582924,0
1466,-0.9390771,-0.4994235,1.296217,0.029474247,-0.12339478,0.14347698,3582509,0
1806,-2.1317067,-0.17987406,-0.51000404,0.05757405,0.13927728,0.2925281,3582693,0
3549,-0.2341901,-0.6840519,0.32564163,-0.056046885,-0.054367006,-0.025732698,3583741,1
218,-0.4524958,0.18226802,-1.2338619,-0.003512475,-0.040317107,-0.012904529,3581747,2
2094,0.61726785,-0.366756,0.67668056,0.003207043,-0.11301007,-0.021456642,3582849,0
1726,2.1075618,2.0744264,-1.8119493,-0.10064005,-0.040317107,-0.13568844,3582650,0
1934,-0.44805777,0.42537573,-4.188234,0.028863383,-0.19730948,0.3664428,3582762,0
1451,-0.19219148,-0.86224484,1.0449991,-0.007788532,0.004276057,0.008475755,3582501,0
1621,0.32004356,-0.26169434,-0.53144836,0.032528576,-0.010995574,0.007254025,3582593,0
3547,0.96589303,-0.43110767,-0.18885994,0.019089539,-0.039095376,-0.17967074,3583740,1
1669,1.1263778,-0.83935595,-0.14956665,0.012980887,0.003054326,-0.001908954,3582619,0
2413,0.7289984,2.0124066,1.8940277,0.11927144,0.22479841,0.102549,3583098,1
1620,-0.011338949,-0.684665,0.8607416,0.081397794,0.06352998,-0.014737124,3582593,0
3486,-1.4849155,-1.4517559,-0.2352848,0.14920384,0.25778514,-0.01779145,3583707,1
261,-1.1152251,0.61241245,1.9047852,-0.06582073,0.017104227,0.04024075,3581770,2
3621,1.587379,0.58306736,0.086351395,-0.029168816,-0.19181168,-0.1961641,3583780,1
940,-1.3046564,0.894517,-0.3625164,0.005039638,0.07086037,0.11904237,3582137,2
2920,0.101570845,0.22634551,-0.26942253,-0.046883907,0.08002335,0.02313652,3583401,1
2788,0.95557094,0.9329562,1.4623022,0.023365596,-0.28955013,-0.09476047,3583301,1
3642,-0.34942317,0.06726074,0.3943677,-0.13240504,0.020158553,-0.00496328,3583791,1
2053,-0.3632195,0.48835915,-0.009586334,0.06429356,0.03848451,0.00908662,3582826,0
460,-0.04516661,0.3165699,0.40484715,-0.012675454,-0.036651913,0.010308351,3581877,2
1871,1.9354334,0.17136176,-1.3504047,-0.09392053,-0.6102544,-0.03733914,3582728,0
362,0.32245183,1.2059914,0.009819031,0.006872234,-0.021380283,-0.019013181,3581824,2
2709,-0.085428834,-1.3708645,-1.3479443,0.05207626,-0.009162978,-0.003130684,3583258,1
503,1.271913,-0.09693989,0.19382381,0.071013086,0.1001819,-0.099647395,3581901,2
108,-0.58216274,-0.15954599,-0.18910027,0.023365596,0.022602014,0.09216429,3581687,2
2975,0.35681105,0.20894104,0.24498177,0.09850202,-0.24923302,0.20761782,3583431,1
2693,-0.80255425,1.4631308,-0.22261143,-0.01817324,0.08307768,-0.010461068,3583249,1
120,0.119714975,0.83592296,-0.52494335,-0.107359566,0.086132,-0.053221636,3581694,2
1878,-1.0176659,0.88525283,-0.35562134,0.105832405,-0.039095376,0.18807013,3582732,0
2532,0.12520897,0.33144462,-0.038409233,-0.021838432,-0.016493361,-0.00374155,3583162,1
2021,-0.7376108,2.2796915,0.47475147,-0.002290745,-0.14905111,-0.022067508,3582809,0
2557,0.02301085,0.14819306,-0.62440014,0.000152716,-0.014049901,-0.00496328,3583176,1
1484,-1.6675365,-0.9851871,0.25513458,0.078343466,0.054367006,0.0182496,3582519,0
2792,-0.7790147,-1.3865867,0.41281986,-0.049938235,-0.06719518,0.02313652,3583303,1
2669,-0.2263931,-0.4342032,-1.6652117,-0.00290161,0.028710667,0.010919216,3583236,1
367,0.001846314,-0.7699849,0.19917679,-0.02367103,-0.003665192,0.016417004,3581827,2
1231,-0.14556885,-0.9049087,-0.63170624,0.010537425,-0.01038471,-0.08071057,3582382,0
2265,-0.83016527,-0.22557606,1.7767706,0.03924809,0.040317107,0.11904237,3582941,0
1397,-0.26180148,1.0792468,-0.36830616,0.055741455,-0.05375614,0.01947133,3582472,0
539,-0.5744629,-1.6591148,-0.14958858,0.025198191,-0.0720821,-0.015347989,3581920,2
434,1.357024,0.43891844,0.47256565,0.15897769,0.23151793,0.020082194,3581863,2
1740,-0.72423494,0.531385,-0.91359997,0.08200866,0.23884831,0.02313652,3582657,0
1928,-0.6650233,-2.536031,-0.9732876,-0.019394971,0.19364429,-0.031230485,3582759,0
2742,0.968379,1.0237386,-0.35417175,-0.04505131,-0.044593163,0.037797287,3583276,1
1263,1.1163368,-3.3576486,-2.7000518,-0.039553523,-0.07696902,-0.04589125,3582400,0
2199,-0.42933345,-1.6405253,-0.88986874,0.025809057,0.087964594,0.032910366,3582905,0
1503,0.11569905,-1.027419,0.2799492,-0.013897184,-0.028099801,0.000534507,3582529,0
197,-0.87528354,-1.0349618,0.5895767,0.03191771,0.017104227,0.03352123,3581735,2
1727,2.07807,0.4334342,0.0365057,-0.006566802,0.10995574,-0.10025826,3582650,0
3232,1.2033772,-0.047142208,-0.008965492,-0.043829583,-0.036651913,-0.10086913,3583570,1
469,-0.72283673,-0.9780785,0.2658205,-0.020616703,0.03604105,0.015195273,3581882,2
1968,0.54381895,0.31823707,0.27976608,0.05757405,-0.15454891,-0.06666067,3582780,0
544,-0.53823745,-0.30945587,-0.001545906,0.029474247,-0.025045475,0.112322845,3581923,2
2641,0.52047014,0.8058158,0.69437885,-0.013286319,-0.03848451,-0.04344779,3583221,1
380,1.2799386,0.52942693,1.869875,0.03191771,-0.018936822,0.053679783,3581834,2
3220,-1.6839535,-0.79718316,1.8500004,0.011759156,-0.061086524,0.001756238,3583563,1
741,0.5802932,-0.62733674,1.7544193,-0.18982637,-0.32070425,-0.06727154,3582029,2
2988,0.3227737,-0.20470126,-0.22371006,0.013591751,0.014049901,0.14408784,3583438,1
2683,0.55627334,0.32056117,0.36352158,0.007483099,-0.004886922,-0.04466952,3583244,1
2833,-1.2438471,-0.9008775,0.732584,-0.024892759,-0.009162978,0.012140946,3583325,1
3429,-1.6865935,0.40244743,0.006513596,0.036193766,-0.12950343,0.07078401,3583676,1
104,0.47458458,0.6829182,-0.771245,0.010537425,-0.08368854,0.0622319,3581685,2
7,-0.66274977,-0.46277535,-0.09979725,0.00870483,-0.009773844,0.046960264,3581633,2
2030,-1.2583938,0.1321933,-0.48607063,-0.010842858,-0.02565634,0.026190847,3582814,0
262,0.06557977,-0.18764496,-1.1468163,0.04352415,0.08368854,0.053679783,3581770,2
3508,0.9231206,-0.18575215,0.3877325,0.054519724,0.010995574,-0.07765625,3583719,1
902,0.9928241,2.514796,0.7272358,-0.023060163,0.09407325,-0.046502117,3582116,2
1065,1.0823703,-0.12821034,-1.0381184,0.06001751,-0.13805555,-0.16256651,3582204,2
1676,-0.5557231,-1.081688,-0.4078169,-0.021227567,0.06414085,0.022525655,3582623,0
25,-0.48120236,0.726062,-0.46176815,0.012980887,-0.014660766,0.001145372,3581643,2
1941,-0.113220334,1.850325,-1.6182909,0.06429356,-0.010995574,-0.034895677,3582766,0
969,0.3094206,0.33549526,0.0735445,-0.043218717,0.08124508,-0.07276932,3582152,2
2502,-0.20033169,-0.29385883,-0.22278786,-0.000458149,0.007941248,-0.006185011,3583146,1
3560,0.6184169,-0.7936318,0.15233135,-0.11407909,-0.22113322,-0.003130684,3583747,1
2020,-1.3062521,1.8950796,0.62055874,-0.008399397,-0.05131268,0.07261661,3582809,0
663,1.2436733,-0.35952988,0.5658617,-0.005955936,-0.070249505,-0.04466952,3581987,2
3512,0.2159183,-1.2431442,1.2550497,0.06429356,0.27366763,-0.056886826,3583721,1
3368,-0.19287658,0.10468605,-0.6497555,-0.01695151,0.03970624,0.009697486,3583643,1
2652,-0.86542475,-0.5539396,-0.16092205,0.004428773,-0.032986723,0.004199699,3583227,1
3015,0.65067744,-0.38024014,-0.28198338,-0.11285736,-0.017715093,-0.39347357,3583452,1
2160,1.9627209,-0.54506916,2.447713,0.010537425,-0.06841691,0.013362677,3582884,0
2456,0.21837962,-0.16833115,-0.19325733,0.04718934,0.035430185,-0.009239337,3583121,1
39,-0.3154993,-0.40621176,-0.6458931,-0.02611449,-0.006108652,0.04024075,3581650,2
2095,-1.6757798,-0.7941567,1.9480925,-0.012675454,-0.14110987,0.3114649,3582849,0
1274,0.68341494,-1.6282524,-0.64326,-0.075594574,-0.06719518,0.08544478,3582406,0
2524,-1.0261745,-0.16387105,-0.051700592,0.015424348,0.039095376,0.004810564,3583158,1
828,-1.0028317,-0.084103316,0.4748087,0.030695979,-0.035430185,-0.006185011,3582076,2
2645,0.22767735,-0.15153503,0.0382967,0.13087788,0.14782938,-0.059941154,3583223,1
793,0.46640944,-0.3154415,0.2762413,-0.035277467,-0.026267206,0.018860465,3582057,2
3635,-0.901927,-0.487032,-0.103681564,0.4436409,1.6798794,-0.04955644,3583787,1
2467,0.5560188,0.06345934,-0.8335314,-0.040775254,0.007330383,-0.06971499,3583127,1
1183,-1.2919203,0.49324006,-0.010629654,0.019089539,0.05497787,0.4263076,3582268,2
1334,-1.1734124,-0.772667,-0.013132095,0.10705414,-0.17959438,0.007254025,3582438,0
250,-2.099313,-0.9967143,-0.11741924,0.020922136,0.08735373,0.20578523,3581764,2
3094,0.21231866,0.062152,-0.42924118,-0.009010263,0.086132,-0.06666067,3583495,1
959,0.8248074,0.4792506,-0.5962744,-0.001069014,0.030543262,-0.009239337,3582147,2
2271,0.7025533,-2.5907214,-0.5208359,-0.024281893,-0.02565634,0.004810564,3582944,0
222,1.1926036,-0.30191213,-1.8018489,0.08323039,-0.093462385,-0.009239337,3581749,2
308,0.20924437,-0.30007708,-0.57656384,0.003817908,-0.04153884,0.045738537,3581795,2
2729,-1.3899478,-0.9339139,-0.4371395,-0.050549097,0.014049901,-0.024510968,3583269,1
1177,-1.0254228,-2.6281786,0.09815025,0.015424348,0.14905111,-0.032452215,3582265,2
2168,-0.8107399,-2.2337544,1.3188877,-0.060322944,0.07513642,-0.000687223,3582888,0
2894,-0.49471533,-0.15213622,-0.25565434,-0.021838432,-0.058643065,-0.031841353,3583387,1
683,-0.1201148,1.3009232,-0.08199215,0.04841107,0.039095376,-0.042836927,3581998,2
2681,-0.6498647,0.079910815,-0.14426231,0.0795652,0.077579886,-0.01656972,3583243,1
2361,0.32899272,0.054841727,0.27311707,-0.003512475,0.023823744,-0.011071933,3583070,1
3352,-0.05862546,-0.5633587,0.14956093,-0.050549097,0.10995574,0.014584408,3583634,1
3039,-0.24328172,0.19485152,0.35162544,-0.027947085,-0.040317107,0.002977968,3583465,1
1642,0.28119552,0.2052249,-0.14324093,0.031306844,-0.076358154,0.04879286,3582604,0
1295,-0.6937938,-1.4096346,-1.9698648,-0.10125092,-0.028710667,0.023747386,3582417,0
2500,0.1371814,0.066216886,0.79053307,-0.006566802,0.018325957,0.025579982,3583145,1
2543,0.086812496,-0.11954607,-0.3032627,-0.035277467,0.069027774,-0.03733914,3583168,1
3210,-0.33064067,0.5436175,-1.5252295,0.00870483,-0.013439035,-0.004352415,3583558,1
3514,-0.93602884,-0.9382119,-0.89213085,0.034972034,-0.012217305,-0.04344779,3583722,1
2421,0.44369137,-0.6349845,0.0828495,0.0795652,0.008552114,-0.04100433,3583102,1
1678,-1.2449398,0.1077373,1.8705788,-0.005955936,-0.029932396,-0.008017606,3582624,0
150,-0.15884256,-0.1278511,0.6959667,-0.009621128,0.009773844,0.020082194,3581710,2
2073,2.6598897,-0.026576161,-3.477601,-0.05177083,0.073303826,-0.24503332,3582837,0
80,0.6891172,0.004123271,-1.3480415,-0.060322944,-0.048258353,-0.10209085,3581672,2
276,0.073449254,-0.7440124,0.2540903,0.023365596,-0.045814894,-0.032452215,3581778,2
359,-0.18870294,0.5075295,-0.8615732,0.05879578,-0.003054326,-0.022678372,3581823,2
1560,-1.3360186,0.06496136,0.013532639,-0.029168816,-0.009162978,0.13003793,3582560,0
495,0.611081,-0.33089286,-0.1867714,0.046578474,0.053145275,-0.011071933,3581896,2
1737,-1.305636,1.225046,2.160985,-0.14340061,-0.20830505,0.002977968,3582656,0
1402,0.4214766,0.006705582,1.3165436,0.014202617,-0.051923547,0.065897085,3582475,0
3097,0.36804914,0.12880298,-0.091677666,-0.007788532,-0.016493361,-0.01656972,3583497,1
3007,0.5288013,-0.42928416,-0.42273903,0.028252518,-0.04337143,-0.00496328,3583448,1
3079,1.053914,1.3875325,0.68624115,-0.02733622,0.000610865,-0.038560867,3583487,1
147,-0.99984616,0.22399685,0.6214533,0.014813482,-0.15088372,-0.027565295,3581708,2
2522,0.49197137,0.06227851,0.28560448,0.033750303,0.07147124,0.035353824,3583157,1
3030,0.25408947,-0.5854119,-0.98537064,0.018478673,-0.047036625,0.03352123,3583460,1
990,1.0352476,0.56940544,-0.6775236,-0.012675454,-0.07269296,-0.099647395,3582164,2
419,0.11460757,-0.18059784,-0.26444912,0.007483099,0.1423316,0.012140946,3581855,2
3024,-0.28765035,-0.13837269,-0.6588383,0.019700404,-0.048258353,0.001756238,3583457,1
2815,-0.42445612,0.7733704,0.27756405,0.10094548,0.047036625,-0.030008756,3583315,1
2232,-0.4240563,-0.75693953,-2.304296,0.15897769,-0.01160644,-0.050167307,3582923,0
2814,-0.3110627,0.4331835,1.7255592,-0.038331795,-0.096516706,-0.030008756,3583315,1
647,-0.45881522,0.069915324,0.38235092,0.08017606,0.2125811,0.73112935,3581978,2
1359,-1.5810894,-0.6375134,0.77591896,0.000763582,-0.02443461,0.11049025,3582452,0
2568,-0.18942356,-0.23180452,0.15496826,0.08506299,-0.11178834,0.001756238,3583182,1
2661,1.0633295,3.2738667,2.0791416,0.026419923,-0.005497787,0.07994699,3583232,1
2253,-0.39238405,0.032012075,-0.90775204,0.039858956,0.11056661,0.0182496,3582934,0
516,-1.1504489,0.19113836,-1.3396378,0.000152716,-0.21135938,-0.0978148,3581908,2
2871,1.1614788,1.3343998,-0.15404034,-0.008399397,0.015271631,-0.00496328,3583375,1
113,0.25124454,-1.0838859,-0.08934784,0.019089539,-0.086132,-0.04100433,3581690,2
1218,0.09150833,-1.2763027,-0.51745224,0.056963183,0.04153884,0.11293371,3582375,0
526,0.3290348,-0.21074083,0.305295,0.006261369,-0.017715093,-0.008017606,3581913,2
3291,0.13992858,-0.400329,0.9894705,0.004428773,-0.051923547,0.008475755,3583601,1
1158,0.036653996,-0.4173763,0.81667614,0.036193766,0.08002335,-0.030008756,3582254,2
319,0.076051235,-1.4867306,0.31640148,0.0355829,0.08674286,0.004810564,3581801,2
2217,-0.38968313,0.938872,-0.5941515,0.075289145,0.02076942,-0.021456642,3582915,0
3046,0.4838233,0.91477954,0.92898846,0.04718934,-0.1301143,0.017638734,3583469,1
3311,0.019403458,0.28250724,0.003785133,0.015424348,0.018325957,0.024358252,3583612,1
891,-0.5420327,-0.8160091,-0.074822426,0.04841107,0.016493361,0.018860465,3582110,2
2747,-0.20672882,2.1217341,2.765564,0.056352317,-0.036651913,0.04024075,3583279,1
963,-0.093703985,-1.5082253,0.5504761,-0.047494773,-0.037873644,0.006032294,3582149,2
130,0.6799526,-1.0601444,0.53286076,0.012980887,0.021991149,0.00786489,3581699,2
1047,-0.93155485,1.4298381,2.4605646,0.024587326,-0.118507855,0.04268421,3582194,2
2485,-0.53480095,-0.46533552,0.04627323,-0.005345071,0.02687807,0.04757113,3583137,1
3011,-0.03907633,0.054357648,-0.14620304,-0.07437284,0.029932396,-0.20044015,3583450,1
2927,0.8465185,-0.6953541,-0.02277565,-0.032223143,0.001221731,-0.06421721,3583405,1
713,-1.1225946,-0.2505605,3.2046804,-0.0664316,0.18997909,0.04757113,3582014,2
1540,-1.6604784,0.82557046,0.36166954,-0.04932737,0.030543262,0.061621033,3582549,0
719,0.6549158,-1.3212717,1.4578304,0.09789115,0.15393804,-0.08132143,3582017,2
3342,0.8704853,0.15297063,-2.1904163,-0.049938235,-0.28344148,-0.21754439,3583629,1
